id,sigma,misorientation_angle_deg,axis_h,axis_k,axis_l,plane_h,plane_k,plane_l,gb_type
1,3,70.52877937,1,1,0,-1,1,1,tilt
2,3,70.52877937,1,1,0,-1,1,-2,tilt
3,3,70.52877937,1,1,0,0,-1,1,tilt
4,3,70.52877937,1,1,0,1,1,0,twist
5,5,36.86989765,1,0,0,-1,0,0,tilt
6,5,36.86989765,1,0,0,0,-3,-1,tilt
7,5,36.86989765,1,0,0,0,-1,-2,tilt
8,7,38.2132107,1,1,1,1,1,1,twist
9,7,38.2132107,1,1,1,1,-3,2,tilt
10,9,38.94244127,1,1,0,-2,2,1,tilt
11,9,38.94244127,1,1,0,-1,-1,0,tilt
12,9,38.94244127,1,1,0,-1,1,-4,tilt
13,11,50.47880364,1,1,0,-1,1,-3,tilt
14,11,50.47880364,1,1,0,-1,-1,0,tilt
15,11,50.47880364,1,1,0,-3,3,2,tilt
16,13,22.61986495,1,0,0,-1,0,0,tilt
17,13,22.61986495,1,0,0,0,-5,-1,tilt
18,13,22.61986495,1,0,0,0,-2,-3,tilt
19,15,48.1896851,2,1,0,-1,2,-5,tilt
20,15,48.1896851,2,1,0,2,1,0,twist
21,17,28.07248694,1,0,0,-1,0,0,tilt
22,17,28.07248694,1,0,0,0,-3,-5,tilt
23,17,28.07248694,1,0,0,0,1,-4,tilt
24,19,26.52535202,1,1,0,-3,3,1,tilt
25,19,26.52535202,1,1,0,-1,-1,0,tilt
26,19,26.52535202,1,1,0,-1,1,-6,tilt
27,21,21.7867893,1,1,1,1,-5,4,tilt
28,21,21.7867893,1,1,1,1,1,1,twist
29,23,163.0425737,2,1,0,-3,6,-1,tilt
30,23,163.0425737,2,1,0,2,1,0,twist
31,25,16.26020471,1,0,0,-1,0,0,tilt
32,25,16.26020471,1,0,0,0,-7,-1,tilt
33,25,16.26020471,1,0,0,0,-3,-4,tilt
34,27,31.5863381,1,1,0,-1,1,-5,tilt
35,27,31.5863381,1,1,0,-1,-1,0,tilt
36,27,31.5863381,1,1,0,-5,5,2,tilt
37,29,43.60281897,1,0,0,-1,0,0,tilt
38,29,43.60281897,1,0,0,0,-3,-7,tilt
39,29,43.60281897,1,0,0,0,2,-5,tilt
40,31,17.89655113,1,1,1,1,1,1,twist
41,31,17.89655113,1,1,1,1,-6,5,tilt
42,33,20.04997572,1,1,0,-4,4,1,tilt
43,33,20.04997572,1,1,0,-1,-1,0,tilt
44,33,20.04997572,1,1,0,-1,1,-8,tilt
45,35,106.6015496,2,1,0,2,1,0,twist
46,35,106.6015496,2,1,0,3,-6,5,tilt
47,37,18.92464442,1,0,0,-1,0,0,tilt
48,37,18.92464442,1,0,0,0,-5,-7,tilt
49,37,18.92464442,1,0,0,0,1,-6,tilt
50,39,32.2042275,1,1,1,-7,5,2,tilt
51,39,32.2042275,1,1,1,1,1,1,twist
52,41,12.68038349,1,0,0,-1,0,0,tilt
53,41,12.68038349,1,0,0,0,-9,-1,tilt
54,41,12.68038349,1,0,0,0,-4,-5,tilt
55,43,80.63108442,1,1,0,-3,3,-5,tilt
56,43,80.63108442,1,1,0,-1,-1,0,tilt
57,43,80.63108442,1,1,0,-5,5,6,tilt
58,45,83.62062979,2,1,0,2,-4,5,tilt
59,45,83.62062979,2,1,0,2,1,0,twist
60,47,87.56114531,2,1,0,2,1,0,twist
61,47,87.56114531,2,1,0,-3,6,-7,tilt
62,49,43.5735786,1,1,1,1,1,1,twist
63,49,43.5735786,1,1,1,-5,-3,8,tilt
64,51,16.09893395,1,1,0,-5,5,1,tilt
65,51,16.09893395,1,1,0,-1,-1,0,tilt
66,51,16.09893395,1,1,0,-1,1,-10,tilt
67,53,31.8907918,1,0,0,-1,0,0,tilt
68,53,31.8907918,1,0,0,0,-5,-9,tilt
69,53,31.8907918,1,0,0,0,2,-7,tilt
70,55,38.57265082,2,1,1,2,1,1,twist
71,55,38.57265082,2,1,1,2,-9,5,tilt
72,57,44.00342735,1,1,0,-2,2,-7,tilt
73,57,44.00342735,1,1,0,-1,-1,0,tilt
74,57,44.00342735,1,1,0,-7,7,4,tilt
75,59,45.97953555,1,1,0,-5,5,3,tilt
76,59,45.97953555,1,1,0,-1,-1,0,tilt
77,59,45.97953555,1,1,0,-3,3,-10,tilt
78,61,10.38885782,1,0,0,-1,0,0,tilt
79,61,10.38885782,1,0,0,0,-11,-1,tilt
80,61,10.38885782,1,0,0,0,-5,-6,tilt
81,63,22.98091981,2,1,0,2,1,0,twist
82,63,22.98091981,2,1,0,-1,2,-11,tilt
83,65,14.2500327,1,0,0,-1,0,0,tilt
84,65,14.2500327,1,0,0,0,-7,-9,tilt
85,65,14.2500327,1,0,0,0,1,-8,tilt
86,67,62.43939689,1,1,0,-3,3,-7,tilt
87,67,62.43939689,1,1,0,-1,-1,0,tilt
88,67,62.43939689,1,1,0,-7,7,6,tilt
89,69,31.23225881,2,1,0,2,1,0,twist
90,69,31.23225881,2,1,0,1,-2,8,tilt
91,71,159.4914172,3,1,1,3,1,1,twist
92,71,159.4914172,3,1,1,-5,9,6,tilt
93,73,41.11209044,1,0,0,-1,0,0,tilt
94,73,41.11209044,1,0,0,0,-5,-11,tilt
95,73,41.11209044,1,0,0,0,3,-8,tilt
96,75,23.07391807,2,1,1,2,1,1,twist
97,75,23.07391807,2,1,1,-1,7,-5,tilt
98,77,72.62038319,2,1,1,2,1,1,twist
99,77,72.62038319,2,1,1,-3,8,-2,tilt
100,79,33.99217611,1,1,1,1,1,1,twist
101,79,33.99217611,1,1,1,3,-10,7,tilt
102,81,77.88488254,1,1,0,-4,4,-7,tilt
103,81,77.88488254,1,1,0,-1,-1,0,tilt
104,81,77.88488254,1,1,0,-7,7,8,tilt
105,83,17.86028367,1,1,0,-1,1,-9,tilt
106,83,17.86028367,1,1,0,-1,-1,0,tilt
107,83,17.86028367,1,1,0,-9,9,2,tilt
108,85,8.79741071,1,0,0,-1,0,0,tilt
109,85,8.79741071,1,0,0,0,-13,-1,tilt
110,85,8.79741071,1,0,0,0,-6,-7,tilt
111,87,19.51934452,2,1,0,2,1,0,twist
112,87,19.51934452,2,1,0,-1,2,-13,tilt
113,89,25.98923358,1,0,0,-1,0,0,tilt
114,89,25.98923358,1,0,0,0,-13,-3,tilt
115,89,25.98923358,1,0,0,0,-5,-8,tilt
116,91,10.41743821,1,1,1,1,1,1,twist
117,91,10.41743821,1,1,1,-9,-1,10,tilt
118,93,42.10344887,1,1,1,1,1,1,twist
119,93,42.10344887,1,1,1,-11,7,4,tilt
120,95,86.98303869,3,1,0,3,1,0,twist
121,95,86.98303869,3,1,0,3,-9,10,tilt
122,97,42.07502205,1,0,0,-1,0,0,tilt
123,97,42.07502205,1,0,0,0,-13,-5,tilt
124,97,42.07502205,1,0,0,0,-4,-9,tilt
125,99,11.53636237,1,1,0,-7,7,1,tilt
126,99,11.53636237,1,1,0,-1,-1,0,tilt
127,99,11.53636237,1,1,0,-1,1,-14,tilt
128,101,11.42118627,1,0,0,-1,0,0,tilt
129,101,11.42118627,1,0,0,0,-9,-11,tilt
130,101,11.42118627,1,0,0,0,1,-10,tilt
131,103,19.65285963,1,1,1,1,1,1,twist
132,103,19.65285963,1,1,1,2,-11,9,tilt
133,105,25.2087653,2,1,0,2,1,0,twist
134,105,25.2087653,2,1,0,1,-2,10,tilt
135,107,33.71842015,1,1,0,-7,7,3,tilt
136,107,33.71842015,1,1,0,-1,-1,0,tilt
137,107,33.71842015,1,1,0,-3,3,-14,tilt
138,109,33.39848847,1,0,0,-1,0,0,tilt
139,109,33.39848847,1,0,0,0,-7,-13,tilt
140,109,33.39848847,1,0,0,0,3,-10,tilt
141,111,9.430007908,1,1,1,1,1,1,twist
142,111,9.430007908,1,1,1,-11,10,1,tilt
143,113,7.628149669,1,0,0,-1,0,0,tilt
144,113,7.628149669,1,0,0,0,-15,-1,tilt
145,113,7.628149669,1,0,0,0,-7,-8,tilt
146,115,16.95742629,2,1,0,2,1,0,twist
147,115,16.95742629,2,1,0,-1,2,-15,tilt
148,117,22.61986495,2,2,1,2,2,1,twist
149,117,22.61986495,2,2,1,-8,7,2,tilt
150,119,27.03156212,3,2,0,3,2,0,twist
151,119,27.03156212,3,2,0,-2,3,-15,tilt
152,121,79.04239272,1,1,0,-6,6,7,tilt
153,121,79.04239272,1,1,0,-1,-1,0,tilt
154,121,79.04239272,1,1,0,7,-7,12,tilt
155,123,14.65207391,1,1,0,-1,1,-11,tilt
156,123,14.65207391,1,1,0,-1,-1,0,tilt
157,123,14.65207391,1,1,0,-11,11,2,tilt
158,125,20.60969294,1,0,0,-1,0,0,tilt
159,125,20.60969294,1,0,0,0,-9,-13,tilt
160,125,20.60969294,1,0,0,0,2,-11,tilt
161,127,54.91415219,1,1,1,1,1,1,twist
162,127,54.91415219,1,1,1,6,-13,7,tilt
163,129,10.10230506,1,1,0,-8,8,1,tilt
164,129,10.10230506,1,1,0,-1,-1,0,tilt
165,129,10.10230506,1,1,0,-1,1,-16,tilt
166,131,76.31161308,1,1,0,-5,5,-9,tilt
167,131,76.31161308,1,1,0,-1,-1,0,tilt
168,131,76.31161308,1,1,0,-9,9,10,tilt
169,133,8.613238191,1,1,1,1,1,1,twist
170,133,8.613238191,1,1,1,1,-12,11,tilt
171,135,144.5690553,2,1,0,2,1,0,twist
172,135,144.5690553,2,1,0,-7,14,-5,tilt
173,137,39.96621304,1,0,0,-1,0,0,tilt
174,137,39.96621304,1,0,0,0,-7,-15,tilt
175,137,39.96621304,1,0,0,0,4,-11,tilt
176,139,42.18271612,1,1,0,-3,3,-11,tilt
177,139,42.18271612,1,1,0,-1,-1,0,tilt
178,139,42.18271612,1,1,0,-11,11,6,tilt
179,141,44.24916959,2,1,0,2,1,0,twist
180,141,44.24916959,2,1,0,2,-4,11,tilt
181,143,68.24556257,3,1,0,3,1,0,twist
182,143,68.24556257,3,1,0,3,-9,14,tilt
183,145,6.732921327,1,0,0,-1,0,0,tilt
184,145,6.732921327,1,0,0,0,-17,-1,tilt
185,145,6.732921327,1,0,0,0,-8,-9,tilt
186,147,16.4264214,1,1,1,1,1,1,twist
187,147,16.4264214,1,1,1,2,-13,11,tilt
188,149,20.0159596,1,0,0,-1,0,0,tilt
189,149,20.0159596,1,0,0,0,-17,-3,tilt
190,149,20.0159596,1,0,0,0,-7,-10,tilt
191,151,41.26600217,1,1,1,1,1,1,twist
192,151,41.26600217,1,1,1,5,-14,9,tilt
193,153,47.68527205,1,1,0,-8,8,5,tilt
194,153,47.68527205,1,1,0,-1,-1,0,tilt
195,153,47.68527205,1,1,0,-5,5,-16,tilt
196,155,49.33668147,2,1,1,2,1,1,twist
197,155,49.33668147,2,1,1,-3,11,-5,tilt
198,157,32.77908067,1,0,0,-1,0,0,tilt
199,157,32.77908067,1,0,0,0,-17,-5,tilt
200,157,32.77908067,1,0,0,0,-6,-11,tilt
201,159,152.4729147,2,1,1,2,1,1,twist
202,159,152.4729147,2,1,1,-10,13,7,tilt
203,161,89.6441233,2,1,0,2,1,0,twist
204,161,89.6441233,2,1,0,-4,8,-9,tilt
205,163,8.984706445,1,1,0,-9,9,1,tilt
206,163,8.984706445,1,1,0,-1,-1,0,tilt
207,163,8.984706445,1,1,0,-1,1,-18,tilt
208,165,15.49873276,2,1,1,2,1,1,twist
209,165,15.49873276,2,1,1,1,-10,8,tilt
210,167,43.06840716,2,1,0,2,1,0,twist
211,167,43.06840716,2,1,0,-3,6,-17,tilt
212,169,44.7602701,1,0,0,-1,0,0,tilt
213,169,44.7602701,1,0,0,0,-17,-7,tilt
214,169,44.7602701,1,0,0,0,-5,-12,tilt
215,171,12.41708925,1,1,0,-1,1,-13,tilt
216,171,12.41708925,1,1,0,-1,-1,0,tilt
217,171,12.41708925,1,1,0,-13,13,2,tilt
218,173,17.49232453,1,0,0,-1,0,0,tilt
219,173,17.49232453,1,0,0,0,-11,-15,tilt
220,173,17.49232453,1,0,0,0,2,-13,tilt
221,175,21.34139053,2,1,1,2,1,1,twist
222,175,21.34139053,2,1,1,2,-15,11,tilt
223,177,24.54924382,1,1,0,-2,2,-13,tilt
224,177,24.54924382,1,1,0,-1,-1,0,tilt
225,177,24.54924382,1,1,0,-13,13,4,tilt
226,179,84.5502879,1,1,0,-7,7,9,tilt
227,179,84.5502879,1,1,0,-1,-1,0,tilt
228,179,84.5502879,1,1,0,-9,9,-14,tilt
229,181,6.025575008,1,0,0,-1,0,0,tilt
230,181,6.025575008,1,0,0,0,-19,-1,tilt
231,181,6.025575008,1,0,0,0,-9,-10,tilt
232,183,7.340993017,1,1,1,1,1,1,twist
233,183,7.340993017,1,1,1,-14,13,1,tilt
234,185,17.94525323,1,0,0,-1,0,0,tilt
235,185,17.94525323,1,0,0,0,-19,-3,tilt
236,185,17.94525323,1,0,0,0,-8,-11,tilt
237,187,36.14890968,1,1,0,-3,3,-13,tilt
238,187,36.14890968,1,1,0,-1,-1,0,tilt
239,187,36.14890968,1,1,0,-13,13,6,tilt
240,189,37.96750571,2,1,0,2,1,0,twist
241,189,37.96750571,2,1,0,-2,4,-13,tilt
242,191,114.2673397,3,1,1,3,1,1,twist
243,191,114.2673397,3,1,1,-7,18,3,tilt
244,193,29.48712567,1,0,0,-1,0,0,tilt
245,193,29.48712567,1,0,0,0,-19,-5,tilt
246,193,29.48712567,1,0,0,0,-7,-12,tilt
247,195,42.83342807,5,1,0,5,1,0,twist
248,195,42.83342807,5,1,0,-1,5,-13,tilt
249,197,8.17123356,1,0,0,-1,0,0,tilt
250,197,8.17123356,1,0,0,0,-13,-15,tilt
251,197,8.17123356,1,0,0,0,1,-14,tilt
252,199,14.10535405,1,1,1,-13,-2,15,tilt
253,199,14.10535405,1,1,1,1,1,1,twist
254,201,8.089382471,1,1,0,-10,10,1,tilt
255,201,8.089382471,1,1,0,-1,-1,0,tilt
256,201,8.089382471,1,1,0,-1,1,-20,tilt
257,203,38.89251997,2,1,0,2,1,0,twist
258,203,38.89251997,2,1,0,-3,6,-19,tilt
259,205,24.1895142,1,0,0,-1,0,0,tilt
260,205,24.1895142,1,0,0,0,-11,-17,tilt
261,205,24.1895142,1,0,0,0,3,-14,tilt
262,207,66.6632035,2,1,0,2,1,0,twist
263,207,66.6632035,2,1,0,-5,10,-17,tilt
264,209,23.95345162,1,1,0,-10,10,3,tilt
265,209,23.95345162,1,1,0,-1,-1,0,tilt
266,209,23.95345162,1,1,0,-3,3,-20,tilt
267,211,57.61911887,1,1,0,-9,9,7,tilt
268,211,57.61911887,1,1,0,-1,-1,0,tilt
269,211,57.61911887,1,1,0,-7,7,-18,tilt
270,213,13.04872696,3,1,1,3,1,1,twist
271,213,13.04872696,3,1,1,1,-16,13,tilt
272,215,152.0945272,2,1,0,2,1,0,twist
273,215,152.0945272,2,1,0,-9,18,-5,tilt
274,217,20.31665957,1,1,1,1,1,1,twist
275,217,20.31665957,1,1,1,3,-16,13,tilt
276,219,57.0860407,1,1,0,-5,5,-13,tilt
277,219,57.0860407,1,1,0,-1,-1,0,tilt
278,219,57.0860407,1,1,0,-13,13,10,tilt
279,221,5.452621988,1,0,0,-1,0,0,tilt
280,221,5.452621988,1,0,0,0,-21,-1,tilt
281,221,5.452621988,1,0,0,0,-10,-11,tilt
282,223,40.7251931,1,1,1,1,1,1,twist
283,223,40.7251931,1,1,1,-11,-6,17,tilt
284,225,16.26020471,2,2,1,2,2,1,twist
285,225,16.26020471,2,2,1,-11,10,2,tilt
286,227,10.7719542,1,1,0,-1,1,-15,tilt
287,227,10.7719542,1,1,0,-1,-1,0,tilt
288,227,10.7719542,1,1,0,-15,15,2,tilt
289,229,15.18928674,1,0,0,-1,0,0,tilt
290,229,15.18928674,1,0,0,0,-13,-17,tilt
291,229,15.18928674,1,0,0,0,2,-15,tilt
292,231,18.54899961,2,1,1,2,1,1,twist
293,231,18.54899961,2,1,1,2,-17,13,tilt
294,233,26.78499551,1,0,0,-1,0,0,tilt
295,233,26.78499551,1,0,0,0,-21,-5,tilt
296,233,26.78499551,1,0,0,0,-8,-13,tilt
297,235,92.43885469,2,1,0,2,1,0,twist
298,235,92.43885469,2,1,0,7,-14,15,tilt
299,237,26.00782389,1,1,1,1,1,1,twist
300,237,26.00782389,1,1,1,-17,13,4,tilt
301,239,59.3055083,3,2,0,3,2,0,twist
302,239,59.3055083,3,2,0,6,-9,19,tilt
303,241,29.86283436,1,0,0,-1,0,0,tilt
304,241,29.86283436,1,0,0,0,-11,-19,tilt
305,241,29.86283436,1,0,0,0,4,-15,tilt
306,243,7.356103172,1,1,0,-11,11,1,tilt
307,243,7.356103172,1,1,0,-1,-1,0,tilt
308,243,7.356103172,1,1,0,-1,1,-22,tilt
309,245,33.2030992,2,1,0,2,1,0,twist
310,245,33.2030992,2,1,0,2,-4,15,tilt
311,247,19.0306764,1,1,1,1,1,1,twist
312,247,19.0306764,1,1,1,-14,-3,17,tilt
313,249,52.66849569,1,1,0,-10,10,7,tilt
314,249,52.66849569,1,1,0,-1,-1,0,tilt
315,249,52.66849569,1,1,0,-7,7,-20,tilt
316,251,21.83067784,1,1,0,-11,11,3,tilt
317,251,21.83067784,1,1,0,-1,-1,0,tilt
318,251,21.83067784,1,1,0,-3,3,-22,tilt
319,253,89.3205875,3,1,0,3,1,0,twist
320,253,89.3205875,3,1,0,5,-15,16,tilt
321,255,26.09848403,5,1,0,5,1,0,twist
322,255,26.09848403,5,1,0,1,-5,22,tilt
323,257,7.15266875,1,0,0,-1,0,0,tilt
324,257,7.15266875,1,0,0,0,-15,-17,tilt
325,257,7.15266875,1,0,0,0,1,-16,tilt
326,259,12.35678139,1,1,1,1,1,1,twist
327,259,12.35678139,1,1,1,2,-17,15,tilt
328,261,15.91160017,2,1,0,2,1,0,twist
329,261,15.91160017,2,1,0,1,-2,16,tilt
330,263,122.6784622,2,1,0,2,1,0,twist
331,263,122.6784622,2,1,0,-9,18,-11,tilt
332,265,4.979105844,1,0,0,-1,0,0,tilt
333,265,4.979105844,1,0,0,0,-23,-1,tilt
334,265,4.979105844,1,0,0,0,-11,-12,tilt
335,267,35.63607469,1,1,0,-11,11,5,tilt
336,267,35.63607469,1,1,0,-1,-1,0,tilt
337,267,35.63607469,1,1,0,-5,5,-22,tilt
338,269,14.86281594,1,0,0,-1,0,0,tilt
339,269,14.86281594,1,0,0,0,-23,-3,tilt
340,269,14.86281594,1,0,0,0,-10,-13,tilt
341,271,56.51899391,1,1,1,1,1,1,twist
342,271,56.51899391,1,1,1,9,-19,10,tilt
343,273,6.008983198,1,1,1,1,1,1,twist
344,273,6.008983198,1,1,1,-16,-1,17,tilt
345,275,93.9617737,2,1,1,2,1,1,twist
346,275,93.9617737,2,1,1,-7,15,-1,tilt
347,277,24.5295475,1,0,0,-1,0,0,tilt
348,277,24.5295475,1,0,0,0,-23,-5,tilt
349,277,24.5295475,1,0,0,0,-9,-14,tilt
350,279,59.52459442,3,1,1,3,1,1,twist
351,279,59.52459442,3,1,1,5,-22,7,tilt
352,281,34.70804927,1,0,0,-1,0,0,tilt
353,281,34.70804927,1,0,0,0,-11,-21,tilt
354,281,34.70804927,1,0,0,0,5,-16,tilt
355,283,81.66988248,1,1,0,-9,9,11,tilt
356,283,81.66988248,1,1,0,-1,-1,0,tilt
357,283,81.66988248,1,1,0,-11,11,-18,tilt
358,285,31.11405491,4,4,3,4,4,3,twist
359,285,31.11405491,4,4,3,-13,10,4,tilt
360,287,32.51981525,2,1,0,2,1,0,twist
361,287,32.51981525,2,1,0,-3,6,-23,tilt
362,289,33.85502613,1,0,0,-1,0,0,tilt
363,289,33.85502613,1,0,0,0,-23,-7,tilt
364,289,33.85502613,1,0,0,0,-8,-15,tilt
365,291,9.510861633,1,1,0,-1,1,-17,tilt
366,291,9.510861633,1,1,0,-1,-1,0,tilt
367,291,9.510861633,1,1,0,-17,17,2,tilt
368,293,13.41967362,1,0,0,-1,0,0,tilt
369,293,13.41967362,1,0,0,0,-15,-19,tilt
370,293,13.41967362,1,0,0,0,2,-17,tilt
371,295,16.39836443,2,1,1,2,1,1,twist
372,295,16.39836443,2,1,1,2,-19,15,tilt
373,297,18.89246554,1,1,0,-2,2,-17,tilt
374,297,18.89246554,1,1,0,-1,-1,0,tilt
375,297,18.89246554,1,1,0,-17,17,4,tilt
376,299,21.07502491,3,1,0,-1,3,-17,tilt
377,299,21.07502491,3,1,0,3,1,0,twist
378,3,70.52877937,1,1,0,2,-2,1,asymmetric_tilt
379,3,70.52877937,1,1,0,0,0,-1,asymmetric_tilt
380,5,36.86989765,1,0,0,1,3,1,asymmetric_tilt
381,5,36.86989765,1,0,0,1,1,2,asymmetric_tilt
382,7,38.2132107,1,1,1,-2,2,-3,mixed
383,7,38.2132107,1,1,1,0,-4,1,mixed
384,9,38.94244127,1,1,0,3,-1,-1,asymmetric_tilt
385,9,38.94244127,1,1,0,1,-1,1,asymmetric_tilt
386,11,50.47880364,1,1,0,2,0,3,asymmetric_tilt
387,11,50.47880364,1,1,0,4,-4,1,asymmetric_tilt
388,13,22.61986495,1,0,0,1,5,1,asymmetric_tilt
389,13,22.61986495,1,0,0,1,2,3,asymmetric_tilt
390,15,48.1896851,2,1,0,-1,-3,5,mixed
391,15,48.1896851,2,1,0,-3,-4,5,mixed
392,17,28.07248694,1,0,0,1,3,5,asymmetric_tilt
393,17,28.07248694,1,0,0,1,-1,4,asymmetric_tilt
394,19,26.52535202,1,1,0,4,-2,-1,asymmetric_tilt
395,19,26.52535202,1,1,0,4,-4,5,asymmetric_tilt
396,21,21.7867893,1,1,1,-2,4,-5,mixed
397,21,21.7867893,1,1,1,0,-2,1,mixed
398,23,163.0425737,2,1,0,1,-7,1,mixed
399,23,163.0425737,2,1,0,-5,5,-1,mixed
400,25,16.26020471,1,0,0,1,7,1,asymmetric_tilt
401,25,16.26020471,1,0,0,1,3,4,asymmetric_tilt
402,27,31.5863381,1,1,0,2,0,5,asymmetric_tilt
403,27,31.5863381,1,1,0,2,-2,1,asymmetric_tilt
404,29,43.60281897,1,0,0,1,3,7,asymmetric_tilt
405,29,43.60281897,1,0,0,1,-2,5,asymmetric_tilt
406,31,17.89655113,1,1,1,-2,5,-6,mixed
407,31,17.89655113,1,1,1,0,-7,4,mixed
408,33,20.04997572,1,1,0,5,-3,-1,asymmetric_tilt
409,33,20.04997572,1,1,0,5,-5,7,asymmetric_tilt
410,35,106.6015496,2,1,0,-1,1,-1,mixed
411,35,106.6015496,2,1,0,1,-7,5,mixed
412,37,18.92464442,1,0,0,1,5,7,asymmetric_tilt
413,37,18.92464442,1,0,0,1,-1,6,asymmetric_tilt
414,39,32.2042275,1,1,1,2,-2,-1,mixed
415,39,32.2042275,1,1,1,-8,4,1,mixed
416,41,12.68038349,1,0,0,1,9,1,asymmetric_tilt
417,41,12.68038349,1,0,0,1,4,5,asymmetric_tilt
418,43,80.63108442,1,1,0,4,-2,5,asymmetric_tilt
419,43,80.63108442,1,1,0,8,-8,-1,asymmetric_tilt
420,45,83.62062979,2,1,0,-4,3,-5,mixed
421,45,83.62062979,2,1,0,0,-1,1,mixed
422,47,87.56114531,2,1,0,1,-7,7,mixed
423,47,87.56114531,2,1,0,-5,5,-7,mixed
424,49,43.5735786,1,1,1,4,2,-9,mixed
425,49,43.5735786,1,1,1,-6,-4,7,mixed
426,51,16.09893395,1,1,0,6,-4,-1,asymmetric_tilt
427,51,16.09893395,1,1,0,2,-2,3,asymmetric_tilt
428,53,31.8907918,1,0,0,1,5,9,asymmetric_tilt
429,53,31.8907918,1,0,0,1,-2,7,asymmetric_tilt
430,55,38.57265082,2,1,1,-2,4,-3,mixed
431,55,38.57265082,2,1,1,0,-5,2,mixed
432,57,44.00342735,1,1,0,3,-1,7,asymmetric_tilt
433,57,44.00342735,1,1,0,3,-3,1,asymmetric_tilt
434,59,45.97953555,1,1,0,6,-4,-3,asymmetric_tilt
435,59,45.97953555,1,1,0,8,-8,7,asymmetric_tilt
436,61,10.38885782,1,0,0,1,11,1,asymmetric_tilt
437,61,10.38885782,1,0,0,1,5,6,asymmetric_tilt
438,63,22.98091981,2,1,0,-1,-3,11,mixed
439,63,22.98091981,2,1,0,-3,-4,11,mixed
440,65,14.2500327,1,0,0,1,7,9,asymmetric_tilt
441,65,14.2500327,1,0,0,1,-1,8,asymmetric_tilt
442,67,62.43939689,1,1,0,4,-2,7,asymmetric_tilt
443,67,62.43939689,1,1,0,10,-10,1,asymmetric_tilt
444,69,31.23225881,2,1,0,-3,1,-8,mixed
445,69,31.23225881,2,1,0,-5,0,-8,mixed
446,71,159.4914172,3,1,1,2,-10,-7,mixed
447,71,159.4914172,3,1,1,-8,8,5,mixed
448,73,41.11209044,1,0,0,1,5,11,asymmetric_tilt
449,73,41.11209044,1,0,0,1,-3,8,asymmetric_tilt
450,75,23.07391807,2,1,1,-1,-8,4,mixed
451,75,23.07391807,2,1,1,-1,2,-2,mixed
452,77,72.62038319,2,1,1,1,-9,1,mixed
453,77,72.62038319,2,1,1,-5,7,-3,mixed
454,79,33.99217611,1,1,1,-4,9,-8,mixed
455,79,33.99217611,1,1,1,2,-11,6,mixed
456,81,77.88488254,1,1,0,5,-3,7,asymmetric_tilt
457,81,77.88488254,1,1,0,11,-11,-1,asymmetric_tilt
458,83,17.8602837,1,1,0,2,0,9,asymmetric_tilt
459,83,17.8602837,1,1,0,10,-10,7,asymmetric_tilt
460,85,8.79741071,1,0,0,1,13,1,asymmetric_tilt
461,85,8.79741071,1,0,0,1,6,7,asymmetric_tilt
462,87,19.51934452,2,1,0,-1,-3,13,mixed
463,87,19.51934452,2,1,0,-3,-4,13,mixed
464,89,25.98923358,1,0,0,1,13,3,asymmetric_tilt
465,89,25.98923358,1,0,0,1,5,8,asymmetric_tilt
466,91,10.4174382,1,1,1,8,0,-11,mixed
467,91,10.4174382,1,1,1,-10,-2,9,mixed
468,93,42.1034489,1,1,1,10,-8,-5,mixed
469,93,42.1034489,1,1,1,-4,2,1,mixed
470,95,86.9830387,3,1,0,-3,4,-5,mixed
471,95,86.9830387,3,1,0,0,-1,1,mixed
472,97,42.0750221,1,0,0,1,13,5,asymmetric_tilt
473,97,42.0750221,1,0,0,1,4,9,asymmetric_tilt
474,99,11.53636237,1,1,0,8,-6,-1,asymmetric_tilt
475,99,11.53636237,1,1,0,8,-8,13,asymmetric_tilt
476,101,11.42118627,1,0,0,1,9,11,asymmetric_tilt
477,101,11.42118627,1,0,0,1,-1,10,asymmetric_tilt
478,103,19.65285963,1,1,1,-3,10,-10,mixed
479,103,19.65285963,1,1,1,1,-12,8,mixed
480,105,25.2087653,2,1,0,-3,1,-10,mixed
481,105,25.2087653,2,1,0,-1,0,-2,mixed
482,107,33.71842015,1,1,0,8,-6,-3,asymmetric_tilt
483,107,33.71842015,1,1,0,10,-10,11,asymmetric_tilt
484,109,33.39848847,1,0,0,1,7,13,asymmetric_tilt
485,109,33.39848847,1,0,0,1,-3,10,asymmetric_tilt
486,111,9.430007908,1,1,1,10,-11,-2,mixed
487,111,9.430007908,1,1,1,-4,3,0,mixed
488,113,7.628149669,1,0,0,1,15,1,asymmetric_tilt
489,113,7.628149669,1,0,0,1,7,8,asymmetric_tilt
490,115,16.95742629,2,1,0,-1,-3,15,mixed
491,115,16.95742629,2,1,0,-3,-4,15,mixed
492,117,22.61986495,2,2,1,2,-3,-1,mixed
493,117,22.61986495,2,2,1,-10,5,1,mixed
494,119,27.03156212,3,2,0,-1,-5,15,mixed
495,119,27.03156212,3,2,0,-4,-7,15,mixed
496,121,79.04239272,1,1,0,7,-5,-7,asymmetric_tilt
497,121,79.04239272,1,1,0,-1,1,-19,asymmetric_tilt
498,123,14.6520739,1,1,0,2,0,11,asymmetric_tilt
499,123,14.6520739,1,1,0,4,-4,3,asymmetric_tilt
500,125,20.6096929,1,0,0,1,9,13,asymmetric_tilt
501,125,20.6096929,1,0,0,1,-2,11,asymmetric_tilt
502,127,54.91415219,1,1,1,-7,12,-8,mixed
503,127,54.91415219,1,1,1,5,-14,6,mixed
504,129,10.10230506,1,1,0,9,-7,-1,asymmetric_tilt
505,129,10.10230506,1,1,0,3,-3,5,asymmetric_tilt
506,131,76.31161308,1,1,0,6,-4,9,asymmetric_tilt
507,131,76.31161308,1,1,0,14,-14,-1,asymmetric_tilt
508,133,8.613238191,1,1,1,-2,11,-12,mixed
509,133,8.613238191,1,1,1,0,-13,10,mixed
510,135,144.5690553,2,1,0,1,-3,1,mixed
511,135,144.5690553,2,1,0,-9,13,-5,mixed
512,137,39.96621304,1,0,0,1,7,15,asymmetric_tilt
513,137,39.96621304,1,0,0,1,-4,11,asymmetric_tilt
514,139,42.18271612,1,1,0,4,-2,11,asymmetric_tilt
515,139,42.18271612,1,1,0,14,-14,5,asymmetric_tilt
516,141,44.24916959,2,1,0,-4,3,-11,mixed
517,141,44.24916959,2,1,0,0,-5,11,mixed
518,143,68.24556257,3,1,0,-3,4,-7,mixed
519,143,68.24556257,3,1,0,0,-5,7,mixed
520,145,6.732921327,1,0,0,1,17,1,asymmetric_tilt
521,145,6.732921327,1,0,0,1,8,9,asymmetric_tilt
522,147,16.4264214,1,1,1,-1,4,-4,mixed
523,147,16.4264214,1,1,1,1,-14,10,mixed
524,149,20.0159596,1,0,0,1,17,3,asymmetric_tilt
525,149,20.0159596,1,0,0,1,7,10,asymmetric_tilt
526,151,41.2660022,1,1,1,-6,13,-10,mixed
527,151,41.2660022,1,1,1,4,-15,8,mixed
528,153,47.6852721,1,1,0,9,-7,-5,asymmetric_tilt
529,153,47.6852721,1,1,0,13,-13,11,asymmetric_tilt
530,155,49.33668147,2,1,1,1,-12,4,mixed
531,155,49.33668147,2,1,1,-5,10,-6,mixed
532,157,32.77908067,1,0,0,1,17,5,asymmetric_tilt
533,157,32.77908067,1,0,0,1,6,11,asymmetric_tilt
534,159,152.472915,2,1,1,4,-7,-4,mixed
535,159,152.472915,2,1,1,-2,2,1,mixed
536,161,89.6441233,2,1,0,2,-9,9,mixed
537,161,89.6441233,2,1,0,-6,7,-9,mixed
538,163,8.98470645,1,1,0,10,-8,-1,asymmetric_tilt
539,163,8.98470645,1,1,0,10,-10,17,asymmetric_tilt
540,165,15.49873276,2,1,1,-1,3,-3,mixed
541,165,15.49873276,2,1,1,-1,-11,7,mixed
542,167,43.06840716,2,1,0,1,-7,17,mixed
543,167,43.06840716,2,1,0,-5,5,-17,mixed
544,169,44.7602701,1,0,0,1,17,7,asymmetric_tilt
545,169,44.7602701,1,0,0,1,5,12,asymmetric_tilt
546,171,12.41708925,1,1,0,2,0,13,asymmetric_tilt
547,171,12.41708925,1,1,0,14,-14,11,asymmetric_tilt
548,173,17.49232453,1,0,0,1,11,15,asymmetric_tilt
549,173,17.49232453,1,0,0,1,-2,13,asymmetric_tilt
550,175,21.34139053,2,1,1,-2,7,-6,mixed
551,175,21.34139053,2,1,1,0,-8,5,mixed
552,177,24.54924382,1,1,0,3,-1,13,asymmetric_tilt
553,177,24.54924382,1,1,0,5,-5,3,asymmetric_tilt
554,179,84.5502879,1,1,0,8,-6,-9,asymmetric_tilt
555,179,84.5502879,1,1,0,16,-16,5,asymmetric_tilt
556,181,6.02557501,1,0,0,1,19,1,asymmetric_tilt
557,181,6.02557501,1,0,0,1,9,10,asymmetric_tilt
558,183,7.340993017,1,1,1,13,-14,-2,mixed
559,183,7.340993017,1,1,1,-5,4,0,mixed
560,185,17.94525323,1,0,0,1,19,3,asymmetric_tilt
561,185,17.94525323,1,0,0,1,8,11,asymmetric_tilt
562,187,36.14890968,1,1,0,4,-2,13,asymmetric_tilt
563,187,36.14890968,1,1,0,16,-16,7,asymmetric_tilt
564,189,37.96750571,2,1,0,0,-5,13,mixed
565,189,37.96750571,2,1,0,-4,3,-13,mixed
566,191,114.2673397,3,1,1,4,-19,-4,mixed
567,191,114.2673397,3,1,1,-10,17,2,mixed
568,193,29.48712567,1,0,0,1,19,5,asymmetric_tilt
569,193,29.48712567,1,0,0,1,7,12,asymmetric_tilt
570,195,42.83342807,5,1,0,-4,-6,13,mixed
571,195,42.83342807,5,1,0,-9,-7,13,mixed
572,197,8.17123356,1,0,0,1,13,15,asymmetric_tilt
573,197,8.17123356,1,0,0,1,-1,14,asymmetric_tilt
574,199,14.10535405,1,1,1,12,1,-16,mixed
575,199,14.10535405,1,1,1,-14,-3,14,mixed
576,201,8.089382471,1,1,0,11,-9,-1,asymmetric_tilt
577,201,8.089382471,1,1,0,11,-11,19,asymmetric_tilt
578,203,38.89252,2,1,0,1,-7,19,mixed
579,203,38.89252,2,1,0,-5,5,-19,mixed
580,205,24.1895142,1,0,0,1,11,17,asymmetric_tilt
581,205,24.1895142,1,0,0,1,-3,14,asymmetric_tilt
582,207,66.6632035,2,1,0,3,-11,17,mixed
583,207,66.6632035,2,1,0,-7,9,-17,mixed
584,209,23.95345162,1,1,0,11,-9,-3,asymmetric_tilt
585,209,23.95345162,1,1,0,13,-13,17,asymmetric_tilt
586,211,57.6191189,1,1,0,10,-8,-7,asymmetric_tilt
587,211,57.6191189,1,1,0,16,-16,11,asymmetric_tilt
588,213,13.048727,3,1,1,-4,15,-14,mixed
589,213,13.048727,3,1,1,-2,-17,12,mixed
590,215,152.094527,2,1,0,7,-19,5,mixed
591,215,152.094527,2,1,0,-11,17,-5,mixed
592,217,20.3166596,1,1,1,-4,15,-14,mixed
593,217,20.3166596,1,1,1,2,-17,12,mixed
594,219,57.0860407,1,1,0,6,-4,13,asymmetric_tilt
595,219,57.0860407,1,1,0,6,-6,1,asymmetric_tilt
596,221,5.452621988,1,0,0,1,21,1,asymmetric_tilt
597,221,5.452621988,1,0,0,1,10,11,asymmetric_tilt
598,223,40.7251931,1,1,1,10,5,-18,mixed
599,223,40.7251931,1,1,1,-12,-7,16,mixed
600,225,16.26020471,2,2,1,3,-4,-1,mixed
601,225,16.26020471,2,2,1,-13,8,1,mixed
602,227,10.7719542,1,1,0,2,0,15,asymmetric_tilt
603,227,10.7719542,1,1,0,16,-16,13,asymmetric_tilt
604,229,15.18928674,1,0,0,1,13,17,asymmetric_tilt
605,229,15.18928674,1,0,0,1,-2,15,asymmetric_tilt
606,231,18.54899961,2,1,1,-2,8,-7,mixed
607,231,18.54899961,2,1,1,0,-3,2,mixed
608,233,26.78499551,1,0,0,1,21,5,asymmetric_tilt
609,233,26.78499551,1,0,0,1,8,13,asymmetric_tilt
610,235,92.43885469,2,1,0,-9,13,-15,mixed
611,235,92.43885469,2,1,0,1,-3,3,mixed
612,237,26.00782389,1,1,1,16,-14,-5,mixed
613,237,26.00782389,1,1,1,-6,4,1,mixed
614,239,59.3055083,3,2,0,-9,7,-19,mixed
615,239,59.3055083,3,2,0,3,-11,19,mixed
616,241,29.86283436,1,0,0,1,11,19,asymmetric_tilt
617,241,29.86283436,1,0,0,1,-4,15,asymmetric_tilt
618,243,7.356103172,1,1,0,12,-10,-1,asymmetric_tilt
619,243,7.356103172,1,1,0,4,-4,7,asymmetric_tilt
620,245,33.2030992,2,1,0,-4,3,-15,mixed
621,245,33.2030992,2,1,0,0,-1,3,mixed
622,247,19.0306764,1,1,1,13,2,-18,mixed
623,247,19.0306764,1,1,1,-15,-4,16,mixed
624,249,52.66849569,1,1,0,11,-9,-7,asymmetric_tilt
625,249,52.66849569,1,1,0,17,-17,13,asymmetric_tilt
626,251,21.83067784,1,1,0,12,-10,-3,asymmetric_tilt
627,251,21.83067784,1,1,0,14,-14,19,asymmetric_tilt
628,253,89.3205875,3,1,0,-4,7,-8,mixed
629,253,89.3205875,3,1,0,1,-8,8,mixed
630,255,26.09848403,5,1,0,-3,2,-11,mixed
631,255,26.09848403,5,1,0,-11,3,-22,mixed
632,257,7.15266875,1,0,0,1,15,17,asymmetric_tilt
633,257,7.15266875,1,0,0,1,-1,16,asymmetric_tilt
634,259,12.35678139,1,1,1,-3,16,-16,mixed
635,259,12.35678139,1,1,1,1,-18,14,mixed
636,261,15.91160017,2,1,0,-3,1,-16,mixed
637,261,15.91160017,2,1,0,-5,0,-16,mixed
638,263,122.6784622,2,1,0,7,-19,11,mixed
639,263,122.6784622,2,1,0,-11,17,-11,mixed
640,265,4.979105844,1,0,0,1,23,1,asymmetric_tilt
641,265,4.979105844,1,0,0,1,11,12,asymmetric_tilt
642,267,35.6360747,1,1,0,12,-10,-5,asymmetric_tilt
643,267,35.6360747,1,1,0,16,-16,17,asymmetric_tilt
644,269,14.8628159,1,0,0,1,23,3,asymmetric_tilt
645,269,14.8628159,1,0,0,1,10,13,asymmetric_tilt
646,271,56.51899391,1,1,1,-10,18,-11,mixed
647,271,56.51899391,1,1,1,8,-20,9,mixed
648,273,6.008983198,1,1,1,5,0,-6,mixed
649,273,6.008983198,1,1,1,-17,-2,16,mixed
650,275,93.9617737,2,1,1,5,-16,0,mixed
651,275,93.9617737,2,1,1,-9,14,-2,mixed
652,277,24.5295475,1,0,0,1,23,5,asymmetric_tilt
653,277,24.5295475,1,0,0,1,9,14,asymmetric_tilt
654,279,59.52459442,3,1,1,-8,21,-8,mixed
655,279,59.52459442,3,1,1,2,-23,6,mixed
656,281,34.70804927,1,0,0,1,11,21,asymmetric_tilt
657,281,34.70804927,1,0,0,1,-5,16,asymmetric_tilt
658,283,81.66988248,1,1,0,10,-8,-11,asymmetric_tilt
659,283,81.66988248,1,1,0,20,-20,7,asymmetric_tilt
660,285,31.11405491,4,4,3,9,-14,-7,mixed
661,285,31.11405491,4,4,3,-17,6,1,mixed
662,287,32.51981525,2,1,0,1,-7,23,mixed
663,287,32.51981525,2,1,0,-5,5,-23,mixed
664,289,33.85502613,1,0,0,1,23,7,asymmetric_tilt
665,289,33.85502613,1,0,0,1,8,15,asymmetric_tilt
666,291,9.510861633,1,1,0,2,0,17,asymmetric_tilt
667,291,9.510861633,1,1,0,6,-6,5,asymmetric_tilt
668,293,13.41967362,1,0,0,1,15,19,asymmetric_tilt
669,293,13.41967362,1,0,0,1,-2,17,asymmetric_tilt
670,295,16.39836443,2,1,1,-2,9,-8,mixed
671,295,16.39836443,2,1,1,0,-10,7,mixed
672,297,18.89246554,1,1,0,3,-1,17,asymmetric_tilt
673,297,18.89246554,1,1,0,19,-19,13,asymmetric_tilt
674,299,21.07502491,3,1,0,-2,-4,17,mixed
675,299,21.07502491,3,1,0,-5,-5,17,mixed
676,3,69.80546541,0.71214096,0.701581076,0.025283337,-0.625983817,0.529906467,0.572139316,tilt
677,3,70.09151382,0.713509643,0.700232544,-0.024049397,-0.549613972,0.574727486,0.606310811,tilt
678,3,71.05791945,0.696060069,0.71760815,-0.023214723,-0.384393115,0.409411451,-0.827420206,tilt
679,3,70.29995715,0.713636801,0.700466356,0.008330755,-0.41792554,0.423319364,-0.803827692,tilt
680,3,70.31449289,0.711942411,0.702171573,-0.009648088,-0.014913136,-0.709901503,0.704143064,tilt
681,3,69.703125,0.691773764,0.722107276,0.003184634,0.019589869,-0.687338361,0.726073147,tilt
682,3,70.34215276,0.703253351,0.710934875,-0.002515304,0.716397172,0.697408855,0.019899297,twist
683,3,69.52136544,0.728754411,0.684235861,-0.027171592,0.709267345,0.704670138,-0.019489221,twist
684,5,36.61355423,0.998587583,0.035196061,-0.039800461,-0.999943471,-0.009563176,0.004647673,tilt
685,5,36.53862361,0.999855311,-0.014777467,-0.008425225,-0.999661897,0.025378559,-0.0056587,tilt
686,5,36.22296475,0.99977916,-0.019668995,-0.007400131,0.004339651,-0.942493712,-0.334195708,tilt
687,5,37.08260135,0.99970111,0.017363371,-0.017210559,-0.019580214,-0.946162347,-0.32309972,tilt
688,5,36.84814942,0.999999942,0.000157465,-0.000300979,0.014773018,-0.444364056,-0.89572448,tilt
689,5,37.76065774,0.99605787,0.087891469,-0.011992072,-0.041518453,-0.465642445,-0.883998491,tilt
690,7,37.02925414,0.613719467,0.527414918,0.587521847,0.571758351,0.604866828,0.554281975,twist
691,7,36.81551625,0.584434778,0.556763052,0.590297293,0.534601165,0.600572819,0.594570335,twist
692,7,38.98862387,0.581287749,0.588226655,0.562222336,0.266819213,-0.77944572,0.566808502,tilt
693,7,37.95667223,0.576081775,0.5712704,0.584619466,0.308736789,-0.778495271,0.546467481,tilt
694,9,38.80389645,0.672020753,0.740532119,-0.000536321,-0.686850163,0.633192091,0.356797744,tilt
695,9,38.52841332,0.714676503,0.699428482,-0.006106882,-0.60713603,0.687623142,0.398196254,tilt
696,9,38.8546537,0.713892118,0.700185949,-0.009883316,-0.712780878,-0.70115851,-0.017893118,tilt
697,9,38.75222723,0.71174426,0.702437906,0.001047316,-0.697918745,-0.716044106,-0.01379359,tilt
698,9,40.3102557,0.681675672,0.731603889,-0.008603939,-0.244963639,0.195588873,-0.949598762,tilt
699,9,39.66574327,0.685812391,0.727311239,-0.026071555,-0.262029226,0.262886113,-0.928564256,tilt
700,11,50.30125619,0.710931765,0.703054659,-0.01703443,-0.306339206,0.257332766,-0.916480299,tilt
701,11,50.29492743,0.709192102,0.705014777,0.000852609,-0.291742675,0.339302883,-0.894292885,tilt
702,11,51.7537528,0.666095598,0.745858604,-0.003405519,-0.685602634,-0.726870242,-0.040108346,tilt
703,11,49.71479871,0.706965118,0.707247355,0.001225138,-0.667039628,-0.744533025,-0.02699463,tilt
704,11,50.40356646,0.702911244,0.711272306,-0.002736758,-0.615693165,0.666898667,0.419723832,tilt
705,11,51.27934022,0.687273641,0.726296899,-0.012155542,-0.673927276,0.611226649,0.414998809,tilt
706,13,22.08393401,0.999340621,0.035429745,-0.007940835,-0.999428989,0.029772884,0.015977186,tilt
707,13,22.22575673,0.999954539,0.003851998,0.008722469,-0.999449281,0.005333081,-0.032751994,tilt
708,13,23.05732754,0.986498942,0.046485316,0.157031694,-0.025139099,-0.971495091,-0.235722959,tilt
709,13,23.28115606,0.998374824,-0.024961469,-0.051231193,-0.01843818,-0.981833462,-0.18884673,tilt
710,13,22.75595589,0.999983249,0.003905422,0.004272028,-0.054064028,-0.61383693,-0.787579395,tilt
711,13,20.23778639,0.968972881,-0.082630795,0.23294572,-0.035205719,-0.566692865,-0.823176624,tilt
712,15,49.06226871,0.905837203,0.423561939,0.007365094,-0.169987418,0.354815949,-0.91935299,tilt
713,15,47.75314946,0.893608675,0.448837722,-0.002869799,-0.20309433,0.386643681,-0.899588438,tilt
714,15,48.18981393,0.894426171,0.447215636,-4.79e-07,0.886020469,0.463636658,-0.002962873,twist
715,15,46.70575605,0.897736175,0.44052882,-0.002029369,0.872151063,0.489171523,0.007984056,twist
716,17,28.30060766,0.999502971,-0.023415765,0.021107178,-0.999877008,-0.013688017,0.007655516,tilt
717,17,27.99270034,0.999839275,0.017846709,0.00170842,-0.996048382,0.044172488,-0.077048119,tilt
718,17,28.5002494,0.999763826,-0.015325557,-0.01540845,-0.055350969,-0.530024974,-0.846173621,tilt
719,17,28.17760977,0.999997425,-0.001861993,0.001296951,-0.032474991,-0.539276055,-0.841502651,tilt
720,17,28.32022293,0.999544469,0.02833011,0.010404812,0.053349103,0.260744782,-0.963932587,tilt
721,17,27.3605069,0.997736303,-0.010039419,-0.066494215,-0.034927025,0.262829903,-0.964209803,tilt
722,19,27.41708814,0.704310882,0.708574557,0.043223588,-0.717861476,0.669864871,0.189620558,tilt
723,19,25.98556812,0.740654458,0.671823304,-0.009188125,-0.708553481,0.679539218,0.190206248,tilt
724,19,26.32672386,0.683720633,0.729005713,0.032814134,-0.743428396,-0.66881233,0.002070714,tilt
725,19,25.9045136,0.710920843,0.702232761,0.038219158,-0.673871178,-0.73758001,0.043282375,tilt
726,19,27.83085692,0.699023055,0.714268676,-0.034453264,-0.13153554,0.170986405,-0.976453814,tilt
727,19,26.66625057,0.699820203,0.714318854,-0.000507687,-0.145715776,0.185834651,-0.971716211,tilt
728,21,21.49615613,0.579446635,0.520784162,0.626917422,0.163349143,-0.760034823,0.629018382,tilt
729,21,22.86946149,0.5859129,0.571794709,0.574244622,0.228116688,-0.791493958,0.56700978,tilt
730,21,23.04122327,0.649772598,0.504225609,0.568816408,0.573515566,0.584912975,0.573547476,twist
731,21,21.84527774,0.55666027,0.58978953,0.585045002,0.57043239,0.541727622,0.617363809,twist
732,23,162.9804209,0.893533704,0.448994252,-0.001296725,-0.422035473,0.896869735,-0.132328147,tilt
733,23,161.4948453,0.892544292,0.450953437,-0.002384098,-0.445123892,0.882416914,-0.152332237,tilt
734,23,162.7280797,0.88541925,0.464652703,0.011428781,0.913814416,0.405542389,-0.021876558,twist
735,23,164.4764695,0.89320495,0.449424421,0.014233981,0.902070741,0.42980352,0.039208565,twist
736,25,16.2634386,0.9833113,0.161757631,0.083266783,-0.99966974,-0.010458302,0.023474143,tilt
737,25,14.7229561,0.99586511,0.082993153,-0.036943456,-0.998443287,-0.003983202,-0.055633947,tilt
738,25,14.71209894,0.995414064,0.07995554,0.052516207,-0.019860507,-0.988662224,-0.148837388,tilt
739,25,16.11390577,0.999138218,-0.016521275,-0.038077148,-0.045636987,-0.986715796,-0.155914091,tilt
740,25,16.91744961,0.999900047,0.01259593,-0.006421771,0.060718935,-0.557795824,-0.827754209,tilt
741,25,16.35093977,0.999175422,0.028056572,-0.029348006,-0.00076472,-0.582083704,-0.813128512,tilt
742,3,60,1,1,1,0,-1,1,unclassified
743,3,60,1,1,1,1,0,0,unclassified
744,5,36.8698976,1,0,0,0,-1,3,unclassified
745,5,36.8698976,1,0,0,0,-3,11,unclassified
746,5,36.8698976,1,0,0,5,1,13,unclassified
747,5,36.8698976,1,0,0,5,4,7,unclassified
748,5,36.8698976,1,0,0,10,1,23,unclassified
749,7,38.2132107,1,1,1,2,-3,1,unclassified
750,7,38.2132107,1,1,1,-3,1,1,unclassified
751,7,38.2132107,1,1,1,4,-1,0,unclassified
752,7,38.2132107,1,1,1,-29,-2,10,unclassified
753,7,38.2132107,1,1,1,25,-27,37,unclassified
754,9,38.9424413,1,1,0,-4,2,1,unclassified
755,9,38.9424413,1,1,0,-2,5,2,unclassified
756,9,38.9424413,1,1,0,-5,-1,1,unclassified
757,9,38.9424413,1,1,0,-1,-17,4,unclassified
758,9,38.9424413,1,1,0,-23,23,11,unclassified
759,11,50.4788036,1,1,0,-1,1,3,unclassified
760,11,50.4788036,1,1,0,-1,-1,0,unclassified
761,11,50.4788036,1,1,0,9,-9,17,unclassified
762,11,50.4788036,1,1,0,-15,4,1,unclassified
763,11,50.4788036,1,1,0,-16,5,15,unclassified
764,13,22.6198649,1,0,0,1,0,0,unclassified
765,13,22.6198649,1,0,0,-13,-29,63,unclassified
766,13,22.6198649,1,0,0,13,67,23,unclassified
767,13,27.7957725,1,1,1,9,1,3,unclassified
768,13,27.7957725,1,1,1,8,11,7,unclassified
769,13,27.7957725,1,1,1,6,-8,15,unclassified
770,15,48.1896851,2,1,0,97,-29,115,unclassified
771,15,48.1896851,2,1,0,59,17,5,unclassified
772,15,48.1896851,2,1,0,41,-7,5,unclassified
773,17,28.0724869,1,0,0,0,9,2,unclassified
774,17,28.0724869,1,0,0,0,5,3,unclassified
775,17,28.0724869,1,0,0,0,1,4,unclassified
776,17,61.9275131,2,2,1,-67,41,1,unclassified
777,17,61.9275131,2,2,1,33,-41,67,unclassified
778,17,61.9275131,2,2,1,77,-39,111,unclassified
779,19,26.525352,1,1,0,-1,1,6,unclassified
780,19,26.525352,1,1,0,1,1,0,unclassified
781,19,26.525352,1,1,0,3,-3,1,unclassified
782,19,46.8264489,1,1,1,-10,4,25,unclassified
783,19,46.8264489,1,1,1,1,-27,7,unclassified
784,19,46.8264489,1,1,1,4,-13,28,unclassified
785,21,21.7867893,1,1,1,-31,2,8,unclassified
786,21,21.7867893,1,1,1,1,32,9,unclassified
787,21,44.4153086,2,1,1,1,11,17,unclassified
788,21,44.4153086,2,1,1,-37,-53,1,unclassified
789,23,40.4590831,3,1,1,33,53,101,unclassified
790,23,40.4590831,3,1,1,41,31,53,unclassified
791,23,40.4590831,3,1,1,19,11,47,unclassified
792,25,16.2602047,1,0,0,25,18,1,unclassified
793,25,16.2602047,1,0,0,25,4,3,unclassified
794,25,16.2602047,1,0,0,25,1,7,unclassified
795,25,51.6838655,3,3,1,61,55,27,unclassified
796,25,51.6838655,3,3,1,33,-85,81,unclassified
797,25,51.6838655,3,3,1,17,-65,119,unclassified
798,27,31.5863381,1,1,0,-4,1,5,unclassified
799,27,31.5863381,1,1,0,1,5,1,unclassified
800,27,31.5863381,1,1,0,4,-4,7,unclassified
801,27,35.4309447,2,1,0,5,-1,1,unclassified
802,27,35.4309447,2,1,0,7,-41,5,unclassified
803,29,43.602819,1,0,0,0,-14,23,unclassified
804,29,43.602819,1,0,0,0,-18,13,unclassified
805,29,43.602819,1,0,0,0,7,3,unclassified
806,31,52.2002776,2,1,1,21,47,97,unclassified
807,31,52.2002776,2,1,1,48,41,18,unclassified
808,31,52.2002776,2,1,1,33,34,55,unclassified
809,33,20.0499757,1,1,0,-14,14,13,unclassified
810,33,20.0499757,1,1,0,-17,17,4,unclassified
811,33,20.0499757,1,1,0,-17,17,15,unclassified
812,33,58.992417,1,1,0,1,65,47,unclassified
813,35,34.0477324,2,1,1,12,1,45,unclassified
814,35,34.0477324,2,1,1,2,1,5,unclassified
815,35,34.0477324,2,1,1,11,33,50,unclassified
816,35,43.2332348,3,3,1,-25,23,41,unclassified
817,35,43.2332348,3,3,1,0,-9,7,unclassified
818,35,43.2332348,3,3,1,20,-3,19,unclassified
819,37,43.1362589,3,1,0,17,23,49,unclassified
820,37,43.1362589,3,1,0,17,-14,12,unclassified
821,37,43.1362589,3,1,0,17,-51,49,unclassified
822,39,50.1316585,3,2,1,-35,-53,55,unclassified
823,39,50.1316585,3,2,1,1,16,4,unclassified
824,39,50.1316585,3,2,1,-8,-11,7,unclassified
825,41,40.8786351,2,1,0,107,-9,55,unclassified
826,41,40.8786351,2,1,0,-103,83,3,unclassified
827,41,40.8786351,2,1,0,-127,131,65,unclassified
828,43,15.1781789,1,1,1,1,1,1,unclassified
829,43,15.1781789,1,1,1,-1,-6,7,unclassified
830,43,15.1781789,1,1,1,5,-13,8,unclassified
831,43,60.76636,3,3,2,-31,-63,55,unclassified
832,43,60.76636,3,3,2,-71,-25,101,unclassified
833,43,60.76636,3,3,2,-51,85,35,unclassified
834,45,28.624551,3,1,1,-77,-205,31,unclassified
835,45,28.624551,3,1,1,71,175,17,unclassified
836,45,28.624551,3,1,1,17,-20,14,unclassified
837,45,28.624551,3,1,1,-22,-5,11,unclassified
838,45,36.8698976,2,2,1,-11,-11,35,unclassified
839,45,53.1301024,2,2,1,7,1,11,unclassified
840,45,53.1301024,2,2,1,35,-67,19,unclassified
841,47,43.6637379,3,2,0,-63,-23,25,unclassified
842,47,43.6637379,3,2,0,57,-15,2,unclassified
843,47,43.6637379,3,2,0,-54,-13,8,unclassified
844,49,43.5735786,5,1,1,55,24,44,unclassified
845,49,43.5735786,5,1,1,47,41,67,unclassified
846,49,43.5735786,5,1,1,50,53,40,unclassified
847,49,49.2271953,3,2,2,97,23,3,unclassified
848,49,49.2271953,3,2,2,-107,11,27,unclassified
849,49,49.2271953,3,2,2,85,5,137,unclassified
850,51,48.9389555,5,3,1,64,-23,4,unclassified
851,51,48.9389555,5,3,1,56,-1,29,unclassified
852,51,48.9389555,5,3,1,-73,-16,5,unclassified
853,53,27.5270853,2,1,1,31,-35,26,unclassified
854,53,27.5270853,2,1,1,-47,-29,17,unclassified
855,53,27.5270853,2,1,1,-52,4,47,unclassified
856,53,53.5344304,5,3,3,57,23,41,unclassified
857,53,53.5344304,5,3,3,67,1,11,unclassified
858,53,53.5344304,5,3,3,-129,-13,69,unclassified
859,55,38.5726508,2,1,1,-32,30,89,unclassified
860,55,38.5726508,2,1,1,-7,10,4,unclassified
861,55,38.5726508,2,1,1,-17,7,5,unclassified
862,57,41.0282544,3,2,1,-35,29,47,unclassified
863,57,41.0282544,3,2,1,-2,-13,13,unclassified
864,57,41.0282544,3,2,1,-64,-17,169,unclassified
865,61,10.3888578,1,0,0,61,19,87,unclassified
866,61,10.3888578,1,0,0,61,18,15,unclassified
867,61,10.3888578,1,0,0,-61,45,7,unclassified
868,61,32.4070172,3,3,1,-39,1,53,unclassified
869,61,32.4070172,3,3,1,-17,2,45,unclassified
870,61,32.4070172,3,3,1,-15,-253,11,unclassified
871,61,50.2570598,3,3,2,-391,7,27,unclassified
872,61,50.2570598,3,3,2,86,-7,34,unclassified
873,61,50.2570598,3,3,2,-6,9,26,unclassified
874,63,22.9809198,2,1,0,11,-148,68,unclassified
875,63,22.9809198,2,1,0,10,1,37,unclassified
876,63,22.9809198,2,1,0,-10,-1,5,unclassified
877,63,38.2132107,5,1,1,-38,-1,2,unclassified
878,63,38.2132107,5,1,1,44,-32,1,unclassified
879,63,38.2132107,5,1,1,-61,10,43,unclassified
880,65,43.0490798,5,3,1,15,-26,68,unclassified
881,65,43.0490798,5,3,1,40,-52,21,unclassified
882,65,43.0490798,5,3,1,-55,26,2,unclassified
883,67,60.4925113,4,3,3,63,-71,54,unclassified
884,67,60.4925113,4,3,3,61,-73,81,unclassified
885,67,60.4925113,4,3,3,51,118,15,unclassified
886,69,41.094788,3,2,2,-91,-113,77,unclassified
887,69,41.094788,3,2,2,65,61,83,unclassified
888,69,41.094788,3,2,2,19,107,175,unclassified
889,69,50.9177927,5,5,1,-109,95,1,unclassified
890,69,50.9177927,5,5,1,53,-31,97,unclassified
891,73,13.4427387,1,1,0,139,7,11,unclassified
892,73,13.4427387,1,1,0,-144,-2,49,unclassified
893,73,13.4427387,1,1,0,-79,152,145,unclassified
894,75,22.0789688,3,1,1,23,-39,95,unclassified
895,75,22.0789688,3,1,1,-37,-409,145,unclassified
896,75,22.0789688,3,1,1,-33,-31,5,unclassified
897,75,45.0356507,3,1,1,-71,-290,53,unclassified
898,75,45.0356507,3,1,1,-63,-145,59,unclassified
899,75,45.0356507,3,1,1,11,5,7,unclassified
900,75,52.1690831,4,3,2,-13,65,41,unclassified
901,75,52.1690831,4,3,2,-1,5,7,unclassified
902,75,52.1690831,4,3,2,-31,-70,17,unclassified
903,79,34.6354566,3,2,1,-51,239,149,unclassified
904,79,34.6354566,3,2,1,-41,93,95,unclassified
905,81,38.3762729,5,3,1,-2,-13,4,unclassified
906,81,38.3762729,5,3,1,-1,-2,2,unclassified
907,81,38.3762729,5,3,1,-41,-73,100,unclassified
908,83,42.6978739,3,3,2,-17,-26,23,unclassified
909,83,42.6978739,3,3,2,-11,-51,10,unclassified
910,83,42.6978739,3,3,2,171,-7,3,unclassified
911,83,57.1686077,3,3,1,-38,-46,3,unclassified
912,83,57.1686077,3,3,1,-65,-35,51,unclassified
913,83,57.1686077,3,3,1,-40,-79,25,unclassified
914,85,45.572996,5,5,1,-19,-19,3,unclassified
915,85,45.572996,5,5,1,-117,-49,65,unclassified
916,85,45.572996,5,5,1,143,41,15,unclassified
917,85,46.0430533,4,3,1,13,-119,135,unclassified
918,85,46.0430533,4,3,1,11,-17,7,unclassified
919,85,46.0430533,4,3,1,71,-153,5,unclassified
920,87,48.6299601,7,3,1,16,-76,29,unclassified
921,87,48.6299601,7,3,1,-32,152,29,unclassified
922,87,48.6299601,7,3,1,-26,80,29,unclassified
923,89,25.9892336,2,2,1,379,77,67,unclassified
924,89,25.9892336,2,2,1,75,46,25,unclassified
925,89,25.9892336,2,2,1,-67,-85,37,unclassified
926,93,35.1940951,3,2,2,-35,-41,47,unclassified
927,93,35.1940951,3,2,2,-8,11,1,unclassified
928,93,35.1940951,3,2,2,-53,7,119,unclassified
929,97,30.5906886,5,1,1,43,107,163,unclassified
930,97,30.5906886,5,1,1,-49,-52,6,unclassified
931,97,30.5906886,5,1,1,23,64,15,unclassified
932,99,45.002923,4,3,2,-67,4,29,unclassified
933,99,45.002923,4,3,2,-49,31,2,unclassified
934,99,45.002923,4,3,2,-23,-7,7,unclassified
935,103,55.0532042,3,3,2,-49,-129,61,unclassified
936,103,55.0532042,3,3,2,-44,25,80,unclassified
937,103,55.0532042,3,3,2,19,29,31,unclassified
938,105,29.9264349,3,2,1,-11,37,1,unclassified
939,105,29.9264349,3,2,1,5,197,11,unclassified
940,105,29.9264349,3,2,1,-5,97,31,unclassified
941,105,44.024094,7,3,1,-95,229,83,unclassified
942,105,44.024094,7,3,1,25,-131,113,unclassified
943,105,44.024094,7,3,1,5,-19,7,unclassified
944,111,9.4300079,1,1,1,97,193,265,unclassified
945,111,9.4300079,1,1,1,155,-337,293,unclassified
946,111,9.4300079,1,1,1,277,-449,283,unclassified
947,115,16.9574263,2,1,0,-63,11,25,unclassified
948,115,16.9574263,2,1,0,59,-233,35,unclassified
949,115,16.9574263,2,1,0,-13,3,11,unclassified
950,115,45.22312,4,3,3,-3,-5,9,unclassified
951,115,45.22312,4,3,3,-11,20,33,unclassified
952,115,45.22312,4,3,3,-19,45,57,unclassified
953,115,55.2800874,7,5,5,155,117,149,unclassified
954,115,55.2800874,7,5,5,-75,-67,11,unclassified
955,115,55.2800874,7,5,5,-5,63,151,unclassified
956,117,47.5292545,5,3,2,7,-2,44,unclassified
957,117,47.5292545,5,3,2,-2,34,71,unclassified
958,117,47.5292545,5,3,2,31,58,11,unclassified
959,117,47.5292545,5,3,2,-25,-43,127,unclassified
960,119,49.6797849,5,4,1,17,141,303,unclassified
961,119,49.6797849,5,4,1,187,179,15,unclassified
962,119,49.6797849,5,4,1,221,-99,5,unclassified
963,121,30.7390476,4,1,0,-74,54,21,unclassified
964,121,30.7390476,4,1,0,-50,79,24,unclassified
965,121,30.7390476,4,1,0,-43,51,40,unclassified
966,123,37.5630532,5,5,1,-29,-5,47,unclassified
967,123,37.5630532,5,5,1,-19,-16,52,unclassified
968,123,37.5630532,5,5,1,5,15,23,unclassified
969,125,36.8698976,4,3,0,-373,-211,115,unclassified
970,125,36.8698976,4,3,0,207,-151,215,unclassified
971,125,36.8698976,4,3,0,149,93,5,unclassified
972,127,39.4973913,4,3,2,3,53,105,unclassified
973,127,39.4973913,4,3,2,-107,-197,65,unclassified
974,127,39.4973913,4,3,2,34,8,47,unclassified
975,131,17.4080176,2,1,1,-18,5,31,unclassified
976,131,17.4080176,2,1,1,-15,26,4,unclassified
977,131,17.4080176,2,1,1,-16,19,13,unclassified
978,135,48.1896851,5,4,2,25,-271,7,unclassified
979,135,48.1896851,5,4,2,-35,-247,109,unclassified
980,135,48.1896851,5,4,2,-23,29,13,unclassified
981,137,21.4625484,3,3,1,11,-12,3,unclassified
982,137,21.4625484,3,3,1,-69,13,305,unclassified
983,137,21.4625484,3,3,1,15,21,29,unclassified
984,137,50.033787,6,3,2,-55,23,62,unclassified
985,137,50.033787,6,3,2,34,63,9,unclassified
986,137,50.033787,6,3,2,-58,-43,33,unclassified
987,139,25.4610556,5,1,1,-11,179,293,unclassified
988,139,25.4610556,5,1,1,-10,49,140,unclassified
989,139,25.4610556,5,1,1,-1,-9,14,unclassified
990,143,37.794879,5,2,1,-23,1,113,unclassified
991,143,37.794879,5,2,1,-4,81,1,unclassified
992,143,37.794879,5,2,1,-5,137,37,unclassified
993,145,56.5146234,6,5,2,-52,25,21,unclassified
994,145,56.5146234,6,5,2,28,20,11,unclassified
995,153,43.2176122,9,1,1,-4,125,64,unclassified
996,153,43.2176122,9,1,1,7,-104,41,unclassified
997,165,52.9127632,9,7,1,-32,19,155,unclassified
998,165,52.9127632,9,7,1,7,1,95,unclassified
999,165,52.9127632,9,7,1,-302,334,545,unclassified
1000,169,44.7602701,6,3,2,-65,-93,81,unclassified
1001,169,44.7602701,6,3,2,-26,46,9,unclassified
1002,169,44.7602701,6,3,2,39,191,19,unclassified
1003,171,56.8533652,9,7,5,-17,5,35,unclassified
1004,171,56.8533652,9,7,5,-32,-4,29,unclassified
1005,171,56.8533652,9,7,5,-7,-8,1,unclassified
1006,171,56.8533652,9,7,5,-37,145,103,unclassified
1007,187,56.9442688,7,6,0,-369,524,204,unclassified
1008,187,56.9442688,7,6,0,67,-47,153,unclassified
1009,187,56.9442688,7,6,0,43,-19,34,unclassified
1010,189,24.4873357,4,1,0,-127,67,19,unclassified
1011,189,24.4873357,4,1,0,-173,125,641,unclassified
1012,189,24.4873357,4,1,0,94,-187,104,unclassified
1013,197,31.7607144,7,3,1,-33,-138,251,unclassified
1014,197,31.7607144,7,3,1,17,-108,8,unclassified
1015,199,35.5044562,6,1,0,-43,59,21,unclassified
1016,199,35.5044562,6,1,0,39,-831,254,unclassified
1017,199,35.5044562,6,1,0,-45,71,59,unclassified
1018,201,8.0893825,1,1,0,-17,419,139,unclassified
1019,201,8.0893825,1,1,0,-427,25,299,unclassified
1020,201,8.0893825,1,1,0,-79,481,173,unclassified
1021,201,8.0893825,1,1,0,-517,115,89,unclassified
1022,201,37.2483058,4,4,3,-43,-33,79,unclassified
1023,201,37.2483058,4,4,3,-71,-229,65,unclassified
1024,201,37.2483058,4,4,3,-11,-10,28,unclassified
1025,213,13.048727,3,1,1,22,73,74,unclassified
1026,213,13.048727,3,1,1,-1,-13,229,unclassified
1027,213,13.048727,3,1,1,1,13,197,unclassified
1028,213,13.048727,3,1,1,-109,74,40,unclassified
1029,213,13.048727,3,1,1,-121,131,19,unclassified
1030,213,13.048727,3,1,1,-127,479,115,unclassified
1031,215,45.9449785,9,7,1,33,-53,31,unclassified
1032,215,45.9449785,9,7,1,-69,103,29,unclassified
1033,215,45.9449785,9,7,1,-105,153,89,unclassified
1034,215,45.9449785,11,3,1,-10,-123,49,unclassified
1035,215,45.9449785,11,3,1,-5,3,46,unclassified
1036,215,45.9449785,11,3,1,-4,11,11,unclassified
1037,215,45.9449785,11,3,1,-75,-84,2,unclassified
1038,215,45.9449785,11,3,1,25,-101,243,unclassified
1039,225,51.6838655,11,7,1,107,-251,355,unclassified
1040,225,51.6838655,11,7,1,-53,89,5,unclassified
1041,225,51.6838655,11,7,1,103,-229,245,unclassified
1042,229,33.2543484,1,1,1,125,71,33,unclassified
1043,229,33.2543484,1,1,1,95,-1,135,unclassified
1044,229,33.2543484,1,1,1,66,21,142,unclassified
1045,243,49.7525106,6,5,5,347,97,167,unclassified
1046,245,36.8698976,6,3,2,41,-207,65,unclassified
1047,245,36.8698976,6,3,2,-54,183,10,unclassified
1048,245,60.8068626,11,11,3,-9,-295,53,unclassified
1049,245,60.8068626,11,11,3,283,75,239,unclassified
1050,253,48.5431866,11,5,5,-193,-145,13,unclassified
1051,253,48.5431866,11,5,5,-205,137,61,unclassified
1052,253,48.5431866,11,5,5,-195,155,21,unclassified
1053,253,48.5431866,11,5,5,-339,-3,91,unclassified
1054,265,4.9791058,1,0,0,265,-29,393,unclassified
1055,265,4.9791058,1,0,0,265,46,263,unclassified
1056,273,40.5293432,9,7,1,-40,-29,17,unclassified
1057,273,40.5293432,9,7,1,-19,-57,24,unclassified
1058,279,17.8965511,5,1,1,-179,5,53,unclassified
1059,279,17.8965511,5,1,1,275,-614,355,unclassified
1060,283,22.4777206,5,3,3,127,121,139,unclassified
1061,283,22.4777206,5,3,3,102,193,203,unclassified
1062,283,44.744956,9,1,0,-237,-131,403,unclassified
1063,283,44.744956,9,1,0,-857,-211,459,unclassified
1064,289,47.5659994,9,3,2,23,-459,7,unclassified
1065,289,47.5659994,9,3,2,-33,-221,191,unclassified
1066,297,38.6344897,6,5,2,265,95,7,unclassified
1067,297,38.6344897,6,5,2,-299,173,19,unclassified
1068,303,24.825493,3,2,1,-139,179,59,unclassified
1069,303,24.825493,3,2,1,-91,224,128,unclassified
1070,315,57.5537661,9,8,1,89,43,115,unclassified
1071,325,27.7957725,7,5,1,157,-725,1551,unclassified
1072,325,27.7957725,7,5,1,257,-425,1,unclassified
1073,325,27.7957725,7,5,1,-19,-525,483,unclassified
1074,325,27.7957725,7,5,1,569,-425,417,unclassified
1075,363,53.6805663,7,4,3,-76,-128,227,unclassified
1076,363,53.6805663,7,4,3,-167,-415,217,unclassified
1077,369,48.708394,11,9,7,577,-283,37,unclassified
1078,369,48.708394,11,9,7,481,-493,247,unclassified
1079,375,57.2255492,6,5,5,-235,-221,53,unclassified
1080,375,57.2255492,6,5,5,-185,-241,163,unclassified
1081,383,59.3935452,7,6,3,351,-83,113,unclassified
1082,383,59.3935452,7,6,3,527,-584,449,unclassified
1083,441,49.2271953,11,4,4,-461,-481,95,unclassified
1084,441,49.2271953,11,4,4,311,181,397,unclassified
1085,447,41.069346,10,3,1,-419,-95,5,unclassified
1086,473,52.567785,13,11,9,-283,959,25,unclassified
1087,473,52.567785,13,11,9,-361,401,189,unclassified
1088,473,52.567785,13,11,9,413,-29,17,unclassified
1089,473,52.567785,13,11,9,-479,139,49,unclassified
1090,529,45.4667347,11,6,1,11,-25,29,unclassified
1091,529,45.4667347,11,6,1,-62,189,77,unclassified
1092,549,32.4070172,13,1,1,-277,509,347,unclassified
1093,549,32.4070172,13,1,1,301,-125,55,unclassified
1094,549,32.4070172,13,1,1,-379,-25,11,unclassified
1095,559,52.4092035,11,9,4,103,-335,191,unclassified
1096,559,52.4092035,11,9,4,121,-285,29,unclassified
1097,559,52.4092035,11,9,4,-126,209,16,unclassified
1098,609,47.0433367,13,5,0,-247,155,241,unclassified
1099,609,47.0433367,13,5,0,-134,-17,5,unclassified
1100,649,54.7032016,12,11,3,-173,-661,87,unclassified
1101,649,54.7032016,12,11,3,-184,21,10,unclassified
1102,649,54.7032016,12,11,3,108,30,107,unclassified
1103,719,42.3940186,7,6,3,1363,-1493,285,unclassified
1104,943,38.4022429,10,1,1,549,29,139,unclassified
1105,943,38.4022429,10,1,1,-377,-281,279,unclassified
1106,999,58.4983901,16,11,10,409,-169,31,unclassified
1107,999,58.4983901,16,11,10,-505,67,35,unclassified
1108,3,60,1,1,1,1,-5,7,unclassified
1109,3,60,1,1,1,-3,-1,3,unclassified
1110,9,38.9424413,1,1,0,37,17,5,unclassified
1111,9,38.9424413,1,1,0,-41,-31,20,unclassified
1112,9,38.9424413,1,1,0,-47,29,53,unclassified
1113,19,26.525352,1,1,0,-11,49,9,unclassified
1114,19,26.525352,1,1,0,41,-3,39,unclassified
1115,19,26.525352,1,1,0,-35,-3,153,unclassified
1116,19,26.525352,1,1,0,53,23,5,unclassified
1117,21,44.4153086,2,1,1,-5,4,6,unclassified
1118,21,44.4153086,2,1,1,3,-1,9,unclassified
1119,21,44.4153086,2,1,1,5,-11,1,unclassified
1120,21,44.4153086,2,1,1,5,-5,1,unclassified
1121,21,44.4153086,2,1,1,-22,19,46,unclassified
1122,21,44.4153086,2,1,1,-8,26,11,unclassified
1123,23,40.4590831,3,1,1,-83,-65,61,unclassified
1124,23,40.4590831,3,1,1,57,-13,3,unclassified
1125,23,40.4590831,3,1,1,-81,33,95,unclassified
1126,25,51.6838655,3,3,1,9,-5,3,unclassified
1127,25,51.6838655,3,3,1,-1,0,3,unclassified
1128,25,51.6838655,3,3,1,-3,5,9,unclassified
1129,27,31.5863381,1,1,0,95,13,65,unclassified
1130,27,31.5863381,1,1,0,101,-128,62,unclassified
1131,27,31.5863381,1,1,0,140,-113,2,unclassified
1132,29,43.602819,1,0,0,-29,8,20,unclassified
1133,29,43.602819,1,0,0,58,-48,25,unclassified
1134,29,43.602819,1,0,0,87,-35,101,unclassified
1135,31,52.2002776,2,1,1,9,-33,46,unclassified
1136,31,52.2002776,2,1,1,9,-33,139,unclassified
1137,31,52.2002776,2,1,1,-15,55,6,unclassified
1138,31,52.2002776,2,1,1,-18,4,1,unclassified
1139,33,33.5573098,3,1,1,-103,17,61,unclassified
1140,33,33.5573098,3,1,1,113,-43,67,unclassified
1141,33,58.992417,1,1,0,-2,2,5,unclassified
1142,35,34.0477324,2,1,1,9,2,0,unclassified
1143,35,34.0477324,2,1,1,69,-3,5,unclassified
1144,35,34.0477324,2,1,1,-89,13,25,unclassified
1145,43,27.9054728,2,1,0,-183,-21,13,unclassified
1146,43,27.9054728,2,1,0,-165,29,23,unclassified
1147,43,27.9054728,2,1,0,-173,45,95,unclassified
1148,45,28.624551,3,1,1,181,-175,37,unclassified
1149,45,36.8698976,2,2,1,67,175,11,unclassified
1150,45,36.8698976,2,2,1,-59,-50,38,unclassified
1151,45,53.1301024,2,2,1,5,11,13,unclassified
1152,45,53.1301024,2,2,1,115,-17,29,unclassified
1153,45,53.1301024,2,2,1,-25,17,16,unclassified
1154,49,43.5735786,5,1,1,-61,50,59,unclassified
1155,49,43.5735786,5,1,1,59,-9,8,unclassified
1156,49,43.5735786,5,1,1,62,3,30,unclassified
1157,49,43.5735786,5,1,1,73,-51,127,unclassified
1158,49,43.5735786,5,1,1,-13,-3,5,unclassified
1159,55,35.0968012,3,1,0,-1,3,10,unclassified
1160,55,35.0968012,3,1,0,-3,9,85,unclassified
1161,55,35.0968012,3,1,0,1,8,1,unclassified
1162,55,35.0968012,3,1,0,-6,-92,5,unclassified
1163,57,41.0282544,3,2,1,7,245,401,unclassified
1164,57,41.0282544,3,2,1,-239,-43,5,unclassified
1165,57,41.0282544,3,2,1,211,-25,101,unclassified
1166,61,52.659007,1,1,1,-9,4,5,unclassified
1167,61,52.659007,1,1,1,-13,-1,14,unclassified
1168,61,52.659007,1,1,1,-23,17,6,unclassified
1169,63,38.2132107,5,1,1,10,-13,89,unclassified
1170,63,38.2132107,5,1,1,23,52,22,unclassified
1171,63,38.2132107,5,1,1,16,17,29,unclassified
1172,65,43.0490798,5,3,1,15,-26,3,unclassified
1173,65,43.0490798,5,3,1,5,-13,14,unclassified
1174,65,43.0490798,5,3,1,-20,-13,74,unclassified
1175,69,50.9177927,5,5,1,-55,-85,79,unclassified
1176,69,50.9177927,5,5,1,-31,-4,37,unclassified
1177,69,50.9177927,5,5,1,6,3,1,unclassified
1178,73,48.8879096,4,3,0,2,46,17,unclassified
1179,73,48.8879096,4,3,0,-19,1,167,unclassified
1180,73,48.8879096,4,3,0,-25,155,43,unclassified
1181,73,48.8879096,4,3,0,-31,-129,65,unclassified
1182,73,48.8879096,4,3,0,23,-347,13,unclassified
1183,83,57.1686077,3,3,1,-61,31,256,unclassified
1184,83,57.1686077,3,3,1,49,103,125,unclassified
1185,83,57.1686077,3,3,1,56,11,131,unclassified
1186,85,46.0430533,4,3,1,-84,-153,115,unclassified
1187,85,46.0430533,4,3,1,-39,17,20,unclassified
1188,85,46.0430533,4,3,1,-33,119,115,unclassified
1189,87,48.6299601,7,3,1,22,26,29,unclassified
1190,87,48.6299601,7,3,1,-11,-13,0,unclassified
1191,87,48.6299601,7,3,1,27,-5,29,unclassified
1192,89,25.9892336,2,2,1,88,16,59,unclassified
1193,89,25.9892336,2,2,1,93,25,120,unclassified
1194,89,25.9892336,2,2,1,247,-125,23,unclassified
1195,93,56.3744142,7,5,3,29,-52,19,unclassified
1196,93,56.3744142,7,5,3,-125,253,149,unclassified
1197,93,56.3744142,7,5,3,-2,-83,50,unclassified
1198,105,44.024094,7,3,1,-80,-68,29,unclassified
1199,105,44.024094,7,3,1,5,-13,19,unclassified
1200,111,40.0248339,5,1,0,19,-21,67,unclassified
1201,111,40.0248339,5,1,0,19,-95,67,unclassified
1202,111,40.0248339,5,1,0,-25,125,17,unclassified
1203,111,40.0248339,5,1,0,10,-13,8,unclassified
1204,125,53.1301024,4,3,0,6,-8,5,unclassified
1205,125,53.1301024,4,3,0,3,-29,15,unclassified
1206,125,53.1301024,4,3,0,-3,4,10,unclassified
1207,125,53.1301024,4,3,0,-9,37,5,unclassified
1208,131,60.2521974,5,5,4,-113,151,149,unclassified
1209,131,60.2521974,5,5,4,5,-9,5,unclassified
1210,131,60.2521974,5,5,4,1,-28,1,unclassified
1211,139,32.6771021,3,3,2,11,-34,104,unclassified
1212,139,32.6771021,3,3,2,-66,65,71,unclassified
1213,139,32.6771021,3,3,2,21,-27,148,unclassified
1214,143,37.794879,5,2,1,151,-19,141,unclassified
1215,143,37.794879,5,2,1,149,-193,213,unclassified
1216,151,60.6550655,6,5,4,51,343,61,unclassified
1217,151,60.6550655,6,5,4,-47,-97,3,unclassified
1218,157,57.2209193,2,2,1,459,279,251,unclassified
1219,157,57.2209193,2,2,1,-605,-417,317,unclassified
1220,157,57.2209193,2,2,1,197,169,53,unclassified
1221,165,52.9127632,9,7,1,109,-173,65,unclassified
1222,165,52.9127632,9,7,1,27,-59,115,unclassified
1223,171,56.8533652,9,7,5,137,-47,127,unclassified
1224,171,56.8533652,9,7,5,223,-79,17,unclassified
1225,171,56.8533652,9,7,5,-50,-220,569,unclassified
1226,171,56.8533652,9,7,5,233,-377,211,unclassified
1227,197,31.7607144,7,3,1,-70,-42,25,unclassified
1228,197,31.7607144,7,3,1,65,39,19,unclassified
1229,197,31.7607144,7,3,1,-73,35,12,unclassified
1230,197,31.7607144,7,3,1,-97,-137,105,unclassified
1231,197,54.1055127,9,9,1,75,165,7,unclassified
1232,197,54.1055127,9,9,1,125,-119,143,unclassified
1233,201,8.0893825,1,1,0,-1,1,20,unclassified
1234,201,8.0893825,1,1,0,-7,7,6,unclassified
1235,201,8.0893825,1,1,0,10,-10,1,unclassified
1236,201,8.0893825,1,1,0,-11,11,19,unclassified
1237,201,37.2483058,4,4,3,149,-29,175,unclassified
1238,201,37.2483058,4,4,3,55,251,329,unclassified
1239,215,45.9449785,9,7,1,7,7,17,unclassified
1240,215,45.9449785,9,7,1,60,103,29,unclassified
1241,215,45.9449785,9,7,1,75,118,4,unclassified
1242,225,51.6838655,11,7,1,-151,43,235,unclassified
1243,225,51.6838655,11,7,1,1,-73,5,unclassified
1244,225,51.6838655,11,7,1,-131,158,335,unclassified
1245,229,33.2543484,7,5,1,11,-73,59,unclassified
1246,229,33.2543484,7,5,1,-29,130,11,unclassified
1247,229,33.2543484,7,5,1,-24,76,17,unclassified
1248,229,33.2543484,7,5,1,-27,-29,105,unclassified
1249,245,36.8698976,6,3,2,-223,-129,5,unclassified
1250,245,36.8698976,6,3,2,213,-191,15,unclassified
1251,245,36.8698976,6,3,2,227,61,85,unclassified
1252,279,17.8965511,5,1,1,41,16,58,unclassified
1253,279,17.8965511,5,1,1,35,25,79,unclassified
1254,279,17.8965511,5,1,1,19,-13,197,unclassified
1255,283,22.4777206,5,3,3,-180,9,8,unclassified
1256,283,22.4777206,5,3,3,207,117,104,unclassified
1257,283,22.4777206,5,3,3,238,73,2,unclassified
1258,289,47.5659994,9,3,2,-105,85,56,unclassified
1259,289,47.5659994,9,3,2,99,85,5,unclassified
1260,289,47.5659994,9,3,2,101,-68,81,unclassified
1261,303,24.825493,3,2,1,-112,-4,41,unclassified
1262,303,24.825493,3,2,1,-107,7,4,unclassified
1263,303,24.825493,3,2,1,-157,-103,71,unclassified
1264,325,27.7957725,7,5,1,-41,150,187,unclassified
1265,325,27.7957725,7,5,1,-51,-75,82,unclassified
1266,363,53.6805663,7,4,3,-263,-271,7,unclassified
1267,363,53.6805663,7,4,3,-245,65,1,unclassified
1268,363,53.6805663,7,4,3,-299,-217,19,unclassified
1269,367,30.1032907,7,5,5,140,53,118,unclassified
1270,367,30.1032907,7,5,5,141,-311,187,unclassified
1271,369,48.708394,11,9,7,-20,-13,13,unclassified
1272,369,48.708394,11,9,7,-17,32,91,unclassified
1273,375,57.2255492,6,5,5,-85,94,8,unclassified
1274,375,57.2255492,6,5,5,-155,-58,19,unclassified
1275,447,41.069346,10,3,1,-5,1,47,unclassified
1276,447,41.069346,10,3,1,-22,-85,28,unclassified
1277,447,41.069346,10,3,1,17,86,19,unclassified
1278,549,32.4070172,13,1,1,449,47,155,unclassified
1279,549,32.4070172,13,1,1,205,-14,94,unclassified
1280,549,32.4070172,13,1,1,113,161,17,unclassified
1281,559,52.4092035,11,9,4,180,-59,57,unclassified
1282,559,52.4092035,11,9,4,-193,85,619,unclassified
1283,559,52.4092035,11,9,4,105,-81,173,unclassified
1284,647,60.2553118,9,9,1,-363,-157,151,unclassified
1285,647,60.2553118,9,9,1,-127,-169,76,unclassified
1286,719,42.3940186,7,6,3,509,-873,79,unclassified
1287,719,42.3940186,7,6,3,275,-757,393,unclassified
1288,719,42.3940186,7,6,3,71,-619,593,unclassified
1289,999,58.4983901,16,11,10,-32,299,22,unclassified
1290,999,58.4983901,16,11,10,5,484,59,unclassified
1291,999,58.4983901,16,11,10,-59,83,103,unclassified
